AH 100,Understanding the Creative Arts
AH 101,Understanding the Individual and Society
AH 110,Understanding the Creative Arts
AH 111,Understanding the Creative Arts
AH 122,Understanding the Creative Arts,Understanding the Past
AH 125,Exploring World Cultures,Understanding the Creative Arts
AH 130,Understanding the Past
AH 140,Exploring World Cultures,Understanding the Creative Arts
AH 160,Understanding the Creative Arts
AH 172,Exploring World Cultures,Understanding the Creative Arts
AH 180,Understanding the Individual and Society,Understanding the Creative Arts
AH 201,Understanding the Creative Arts
AH 209,Understanding the Creative Arts,Understanding the Past
AH 210,Understanding the Creative Arts,Understanding the Past
AH 211,Understanding the Creative Arts
AH 219,Exploring World Cultures,Understanding the Creative Arts
AH 220,Exploring World Cultures,Understanding the Creative Arts
AH 223,Understanding the Creative Arts
AH 230,Understanding the Creative Arts
AH 231,Understanding the Creative Arts
AH 242,Understanding the Creative Arts
AH 243,Understanding the Creative Arts
AH 244,Exploring World Cultures,Understanding the Creative Arts
AH 250,Understanding the Creative Arts
AH 251,Understanding the Creative Arts
AH 252,Understanding the Creative Arts
AH 259,Understanding the Creative Arts,Understanding the Individual and Society,Understanding the Past
AH 260,Understanding the Creative Arts
AH 261,Understanding the Creative Arts
AH 262,Understanding the Creative Arts
AH 263,Exploring World Cultures,Understanding the Creative Arts
AH 264,Exploring World Cultures,Understanding the Creative Arts
AH 265,Understanding the Creative Arts
AH 270,Exploring World Cultures,Understanding the Creative Arts
AH 271,Exploring World Cultures,Understanding the Creative Arts
AH 273,Exploring World Cultures,Understanding the Creative Arts
AH 274,Exploring World Cultures,Understanding the Creative Arts
AH 275,Exploring World Cultures,Understanding the Creative Arts
ANTH 100,Exploring World Cultures,Understanding the Past
ANTH 101,Exploring World Cultures,Understanding the Individual and Society
ANTH 102,Understanding the Past,Analyzing the Natural World
ANTH 105,Understanding the Past,Analyzing the Natural World
ANTH 207,Exploring World Cultures
ANTH 208,Exploring World Cultures
ANTH 215,Exploring World Cultures,Understanding the Individual and Society
ANTH 216,Exploring World Cultures,Understanding the Individual and Society
ANTH 218,Understanding the Individual and Society
ANTH 219,Exploring World Cultures
ANTH 238,Understanding the Individual and Society,Analyzing the Natural World
ANTH 273,Exploring World Cultures,Understanding the Individual and Society
ANTH 277,Exploring World Cultures,Understanding the Individual and Society
ANTH 279,Exploring World Cultures,Understanding the Individual and Society
ARAB 105,Exploring World Cultures
ARAB 230,Exploring World Cultures
ARAB 250,Exploring World Cultures,Understanding the Past
ARAB 270,Understanding the Creative Arts
ARCH 200,Understanding the Individual and Society,Understanding the Creative Arts
ARCH 210,Understanding the Past
ART 110,Understanding the Individual and Society,Understanding the Creative Arts
ART 112,Understanding the Creative Arts
ART 130,Understanding the Creative Arts
ART 140,Understanding the Creative Arts
ART 150,Understanding the Creative Arts
ART 151,Understanding the Creative Arts
ART 160,Understanding the Creative Arts
ART 170,Understanding the Creative Arts
ART 190,Understanding the Creative Arts
ART 290,Understanding the Individual and Society
BIOS 104,Analyzing the Natural World
BIOS 110,Analyzing the Natural World
BIOS 120,Analyzing the Natural World
BLST 100,Understanding U.S. Society
BLST 101,Exploring World Cultures
BLST 103,Understanding U.S. Society
BLST 104,Understanding U.S. Society
BLST 105,Understanding the Creative Arts,Understanding U.S. Society
BLST 110,Understanding the Creative Arts,Understanding U.S. Society
BLST 111,Understanding the Creative Arts,Understanding U.S. Society
BLST 125,Understanding U.S. Society,Understanding the Past
BLST 207,Exploring World Cultures,Understanding the Individual and Society
BLST 221,Exploring World Cultures,Understanding the Past
BLST 246,Understanding the Past,Understanding U.S. Society
BLST 247,Understanding the Past,Understanding U.S. Society
BLST 248,Understanding the Past,Understanding U.S. Society
BLST 249,Understanding the Past,Understanding U.S. Society
BLST 250,Understanding the Creative Arts
BLST 262,Understanding the Creative Arts,Understanding U.S. Society
BLST 263,Understanding the Individual and Society,Understanding the Past
BLST 265,Understanding the Past,Understanding U.S. Society
BLST 271,Understanding the Individual and Society,Understanding U.S. Society
BLST 272,Understanding the Individual and Society,Understanding U.S. Society
CEES 208,Understanding the Creative Arts
CEES 246,Understanding the Creative Arts
CHE 150,Analyzing the Natural World
CHEM 100,Analyzing the Natural World
CHEM 105,Analyzing the Natural World
CHEM 115,Analyzing the Natural World
CHEM 116,Analyzing the Natural World
CHEM 118,Analyzing the Natural World
CHEM 122,Analyzing the Natural World
CHEM 123,Analyzing the Natural World
CHEM 124,Analyzing the Natural World
CHEM 125,Analyzing the Natural World
CHEM 130,Analyzing the Natural World
CL 100,Understanding the Past
CL 101,Understanding the Past
CL 102,Understanding the Creative Arts,Understanding the Past
CL 103,Understanding the Creative Arts,Understanding the Past
CL 204,Understanding the Creative Arts,Understanding the Past
CL 205,Understanding the Creative Arts,Understanding the Past
CL 208,Understanding the Individual and Society,Understanding the Past
CL 218,Understanding the Past
CL 250,Understanding the Creative Arts,Understanding the Past
CL 251,Understanding the Creative Arts,Understanding the Past
CL 252,Understanding the Creative Arts,Understanding the Past
CL 253,Understanding the Creative Arts,Understanding the Past
CL 297,Understanding the Creative Arts,Understanding the Past
CLJ 101,Understanding U.S. Society
CLJ 102,Understanding U.S. Society
CLJ 110,Understanding U.S. Society
CLJ 114,Understanding U.S. Society
CLJ 120,Understanding U.S. Society
CLJ 121,Understanding U.S. Society
CLJ 122,Understanding U.S. Society
CLJ 200,Understanding U.S. Society
CME 111,Understanding the Creative Arts
COMM 100,Understanding the Individual and Society
COMM 101,Understanding the Individual and Society
COMM 102,Understanding the Individual and Society
COMM 103,Understanding the Individual and Society
COMM 140,Understanding the Individual and Society
CS 100,Analyzing the Natural World
CST 150,Understanding U.S. Society
DHD 101,Understanding the Individual and Society,Understanding U.S. Society
DHD 102,Understanding the Creative Arts,Understanding U.S. Society
DHD 201,Understanding the Individual and Society
DHD 202,Understanding the Individual and Society
DHD 203,Exploring World Cultures
DHD 204,Understanding the Creative Arts
DHD 205,Understanding the Individual and Society
DHD 206,Understanding U.S. Society
DLG 220,Understanding the Individual and Society,Understanding U.S. Society
EAES 101,Analyzing the Natural World
EAES 105,Analyzing the Natural World
EAES 111,Analyzing the Natural World
EAES 200,Analyzing the Natural World
ECE 115,Analyzing the Natural World
ECON 106,Understanding the Individual and Society,Analyzing the Natural World
ECON 111,Understanding the Individual and Society
ECON 120,Understanding the Individual and Society,Understanding U.S. Society
ECON 121,Understanding the Individual and Society,Understanding U.S. Society
ED 100,Understanding U.S. Society
ED 101,Understanding the Individual and Society
ED 135,Understanding U.S. Society
ED 205,Understanding U.S. Society
ED 217,Understanding the Individual and Society
ED 222,Understanding the Individual and Society,Understanding U.S. Society
ED 252,Understanding U.S. Society
ED 258,Understanding the Individual and Society,Understanding U.S. Society
ED 264,Understanding the Individual and Society
ENGL 101,Understanding the Creative Arts
ENGL 103,Understanding the Creative Arts
ENGL 104,Understanding the Creative Arts
ENGL 105,Understanding the Creative Arts
ENGL 123,Understanding the Creative Arts,Understanding U.S. Society
ENGL 131,Understanding the Creative Arts
ENGL 132,Understanding the Creative Arts
ENGL 135,Understanding the Individual and Society,Understanding the Creative Arts
ENGL 154,Understanding the Individual and Society,Understanding the Creative Arts
ENGL 175,Understanding the Creative Arts
ENGL 207,Understanding the Creative Arts
ENGL 208,Understanding the Creative Arts,Understanding the Past
ENGL 209,Understanding the Creative Arts
ENGL 213,Understanding the Creative Arts,Understanding the Past
ENGL 223,Exploring World Cultures,Understanding the Creative Arts
ENGL 230,Understanding the Individual and Society,Understanding the Creative Arts
ENGL 232,Understanding the Creative Arts
ENGL 236,Understanding the Creative Arts
ENGL 237,Understanding the Creative Arts
ENGL 245,Understanding the Individual and Society,Understanding the Creative Arts
ENGL 247,Understanding the Individual and Society,Understanding the Creative Arts
ENGL 251,Understanding the Creative Arts
ENGL 253,Understanding the Individual and Society,Understanding U.S. Society
ENGL 258,Understanding the Individual and Society,Understanding U.S. Society
ENGL 264,Understanding the Creative Arts,Understanding U.S. Society
ENGL 267,Understanding the Creative Arts
ENGL 269,Understanding the Creative Arts,Understanding U.S. Society
ENGL 290,Understanding the Creative Arts
ENGL 291,Understanding the Creative Arts
ENGL 292,Understanding the Individual and Society,Understanding the Creative Arts
ENTR 200,Understanding the Individual and Society,Understanding U.S. Society
EPSY 160,Understanding the Individual and Society
EPSY 242,Understanding the Individual and Society
FIN 250,Understanding the Individual and Society
FR 191,Exploring World Cultures,Understanding the Creative Arts
FR 295,Exploring World Cultures,Understanding the Creative Arts
FR 297,Exploring World Cultures,Understanding the Creative Arts
FR 298,Exploring World Cultures,Understanding the Creative Arts
GEOG 161,Exploring World Cultures,Understanding the Individual and Society
GEOG 203,Exploring World Cultures,Understanding the Individual and Society
GER 100,Exploring World Cultures,Understanding the Creative Arts
GER 120,Exploring World Cultures,Understanding the Individual and Society
GER 122,Exploring World Cultures,Understanding the Creative Arts
GER 123,Exploring World Cultures,Understanding the Creative Arts
GER 125,Exploring World Cultures,Understanding the Past
GER 217,Exploring World Cultures,Understanding the Creative Arts
GER 219,Understanding the Creative Arts
GER 240,Understanding the Individual and Society,Understanding the Past
GKM 105,Exploring World Cultures
GKM 203,Exploring World Cultures
GKM 285,Understanding the Past
GKM 286,Understanding the Past
GKM 296,Understanding the Past
GLAS 100,Exploring World Cultures
GLAS 120,Understanding U.S. Society
GLAS 201,Exploring World Cultures
GLAS 210,Understanding U.S. Society
GLAS 215,Understanding the Past
GLAS 217,Understanding U.S. Society
GLAS 223,Understanding the Creative Arts
GLAS 229,Exploring World Cultures
GLAS 230,Understanding U.S. Society
GLAS 242,Exploring World Cultures,Understanding U.S. Society
GLAS 244,Exploring World Cultures,Understanding U.S. Society
GLAS 248,Exploring World Cultures,Understanding U.S. Society
GLAS 250,Understanding U.S. Society
GLAS 252,Understanding the Past,Understanding U.S. Society
GLAS 263,Understanding U.S. Society
GLAS 270,Exploring World Cultures
GWS 101,Understanding the Individual and Society,Understanding U.S. Society
GWS 102,Exploring World Cultures,Understanding the Individual and Society
GWS 204,Understanding the Individual and Society,Understanding U.S. Society
GWS 255,Exploring World Cultures
GWS 262,Exploring World Cultures,Understanding the Individual and Society
HIST 100,Exploring World Cultures,Understanding the Past
HIST 101,Exploring World Cultures,Understanding the Past
HIST 103,Understanding the Past,Understanding U.S. Society
HIST 104,Understanding the Past,Understanding U.S. Society
HIST 105,Exploring World Cultures,Understanding the Past
HIST 106,Exploring World Cultures,Understanding the Past
HIST 109,Exploring World Cultures,Understanding the Past
HIST 117,Understanding the Individual and Society,Understanding the Past
HIST 137,Understanding the Individual and Society,Understanding the Past
HIST 161,Exploring World Cultures,Understanding the Past
HIST 170,Exploring World Cultures,Understanding the Past
HIST 177,Exploring World Cultures,Understanding the Past
HIST 200,Understanding the Past
HIST 202,Exploring World Cultures,Understanding the Past
HIST 203,Exploring World Cultures,Understanding the Past
HIST 208,Understanding the Past
HIST 211,Understanding the Individual and Society,Understanding the Past
HIST 213,Understanding the Individual and Society,Understanding the Past
HIST 214,Understanding the Individual and Society,Understanding the Past
HIST 220,Understanding the Individual and Society,Understanding the Past
HIST 221,Exploring World Cultures,Understanding the Past
HIST 222,Understanding the Past
HIST 223,Understanding the Past
HIST 224,Understanding the Individual and Society,Understanding the Past
HIST 225,Exploring World Cultures,Understanding the Past
HIST 233,Understanding the Individual and Society,Understanding the Past
HIST 234,Understanding the Individual and Society,Understanding the Past
HIST 235,Understanding the Individual and Society,Understanding the Past
HIST 236,Exploring World Cultures,Understanding the Past
HIST 237,Understanding the Individual and Society,Understanding the Past
HIST 238,Understanding the Past
HIST 239,Understanding the Past
HIST 240,Understanding the Past,Understanding U.S. Society
HIST 241,Exploring World Cultures,Understanding the Past
HIST 242,Exploring World Cultures,Understanding the Past
HIST 244,Understanding the Past
HIST 245,Understanding the Past,Understanding U.S. Society
HIST 246,Understanding the Past,Understanding U.S. Society
HIST 247,Understanding the Past,Understanding U.S. Society
HIST 248,Understanding the Past,Understanding U.S. Society
HIST 249,Understanding the Past,Understanding U.S. Society
HIST 252,Understanding the Past,Understanding U.S. Society
HIST 253,Understanding the Past,Understanding U.S. Society
HIST 255,Understanding the Past,Understanding U.S. Society
HIST 256,Understanding the Past,Understanding U.S. Society
HIST 257,Understanding the Past
HIST 259,Understanding the Past,Understanding U.S. Society
HIST 261,Exploring World Cultures,Understanding the Past
HIST 262,Exploring World Cultures,Understanding the Past
HIST 264,Exploring World Cultures,Understanding the Past
HIST 266,Exploring World Cultures,Understanding the Past
HIST 267,Understanding the Past,Understanding U.S. Society
HIST 268,Understanding the Past,Understanding U.S. Society
HIST 269,Understanding the Past
HIST 271,Exploring World Cultures,Understanding the Past
HIST 272,Exploring World Cultures,Understanding the Past
HIST 275,Exploring World Cultures,Understanding the Past
HIST 276,Exploring World Cultures,Understanding the Past
HIST 277,Exploring World Cultures,Understanding the Past
HIST 278,Exploring World Cultures,Understanding the Past
HIST 282,Understanding the Individual and Society,Understanding the Past
HIST 289,Understanding the Past
HIST 293,Understanding the Past,Understanding U.S. Society
HN 196,Analyzing the Natural World
HN 202,Exploring World Cultures
HON 120,Understanding the Individual and Society,Understanding the Past
HON 121,Understanding the Individual and Society,Understanding the Creative Arts
HON 122,Exploring World Cultures,Understanding the Individual and Society
HON 123,Understanding the Individual and Society,Understanding U.S. Society
HON 124,Understanding the Creative Arts,Understanding the Past
HON 125,Exploring World Cultures,Understanding the Past
HON 126,Understanding U.S. Society,Understanding the Past
HON 127,Exploring World Cultures,Understanding the Creative Arts
HON 128,Understanding U.S. Society,Understanding the Creative Arts
HON 129,Exploring World Cultures,Understanding U.S. Society
HON 130,Understanding the Individual and Society,Analyzing the Natural World
HON 131,Understanding the Past,Analyzing the Natural World
HON 132,Understanding the Creative Arts,Analyzing the Natural World
HON 133,Exploring World Cultures,Analyzing the Natural World
HON 134,Understanding U.S. Society,Analyzing the Natural World
HON 140,Understanding the Individual and Society
HON 141,Understanding the Past
HON 142,Understanding the Creative Arts
HON 143,Exploring World Cultures
HON 144,Understanding U.S. Society
HON 145,Analyzing the Natural World
HUM 101,Understanding the Individual and Society
HUM 102,Understanding the Past
HUM 120,Understanding the Individual and Society
IDEA 110,Understanding the Creative Arts
IE 118,Understanding the Individual and Society
ITAL 230,Exploring World Cultures,Understanding the Past
ITAL 270,Understanding U.S. Society
ITAL 280,Exploring World Cultures,Understanding the Creative Arts
ITAL 293,Understanding the Creative Arts,Understanding the Past
JST 101,Understanding the Individual and Society
JST 102,Understanding the Individual and Society,Understanding the Past
JST 103,Exploring World Cultures,Understanding the Past
JST 124,Understanding the Past
JST 203,Exploring World Cultures
JST 242,Understanding the Past
KN 150,Understanding the Individual and Society
KN 152,Analyzing the Natural World
KOR 130,Exploring World Cultures
KOR 230,Exploring World Cultures
LALS 101,Exploring World Cultures
LALS 102,Understanding U.S. Society
LALS 103,Understanding U.S. Society
LALS 104,Exploring World Cultures,Understanding the Past
LALS 105,Exploring World Cultures,Understanding the Past
LALS 108,Exploring World Cultures
LALS 109,Understanding the Creative Arts,Understanding U.S. Society
LALS 110,Exploring World Cultures,Understanding the Creative Arts
LALS 220,Exploring World Cultures,Understanding the Individual and Society
LALS 256,Exploring World Cultures
LALS 260,Exploring World Cultures,Understanding the Creative Arts
LALS 269,Exploring World Cultures,Understanding the Individual and Society
LALS 275,Exploring World Cultures,Understanding the Past
LALS 276,Understanding the Individual and Society,Understanding U.S. Society
LALS 278,Exploring World Cultures,Understanding the Creative Arts
LALS 283,Understanding U.S. Society
LALS 290,Understanding the Past,Understanding U.S. Society
LALS 295,Understanding the Creative Arts,Understanding U.S. Society
LCSL 207,Exploring World Cultures,Understanding the Creative Arts
LCSL 250,Exploring World Cultures,Understanding the Creative Arts
LING 150,Understanding the Individual and Society
LING 160,Understanding the Individual and Society,Understanding U.S. Society
LING 170,Exploring World Cultures,Understanding the Individual and Society
LING 260,Understanding the Individual and Society,Understanding U.S. Society
LITH 115,Exploring World Cultures
LITH 130,Exploring World Cultures,Understanding the Creative Arts
MATH 125,Analyzing the Natural World
MATH 160,Analyzing the Natural World
MATH 165,Analyzing the Natural World
MATH 170,Analyzing the Natural World
MATH 180,Analyzing the Natural World
MATH 181,Analyzing the Natural World
MATH 210,Analyzing the Natural World
MCS 260,Analyzing the Natural World
MILS 217,Understanding the Past
MUS 100,Understanding the Creative Arts
MUS 107,Understanding the Creative Arts
MUS 113,Understanding the Creative Arts
MUS 114,Understanding the Creative Arts,Understanding the Past
MUS 115,Understanding the Creative Arts
MUS 116,Analyzing the Natural World
MUS 117,Understanding the Creative Arts
MUS 118,Understanding the Creative Arts,Understanding the Past
MUS 119,Understanding the Creative Arts
MUS 127,Exploring World Cultures,Understanding the Creative Arts
MUS 227,Exploring World Cultures,Understanding the Creative Arts
MUS 240,Understanding the Individual and Society,Understanding the Creative Arts
NAST 113,Exploring World Cultures,Understanding U.S. Society
NATS 105,Analyzing the Natural World
NATS 106,Analyzing the Natural World
NUEL 244,Understanding the Past
PHAR 201,Understanding U.S. Society
PHIL 100,Understanding the Individual and Society
PHIL 101,Understanding the Individual and Society
PHIL 102,Analyzing the Natural World
PHIL 103,Understanding the Individual and Society
PHIL 104,Understanding the Individual and Society,Understanding U.S. Society
PHIL 105,Analyzing the Natural World
PHIL 106,Understanding the Individual and Society
PHIL 107,Understanding the Creative Arts
PHIL 108,Understanding the Individual and Society
PHIL 109,Understanding the Individual and Society
PHIL 110,Understanding the Individual and Society
PHIL 111,Understanding the Individual and Society
PHIL 112,Understanding the Individual and Society
PHIL 113,Understanding the Individual and Society
PHIL 115,Understanding the Individual and Society
PHIL 120,Understanding the Individual and Society,Understanding the Past
PHIL 131,Understanding the Individual and Society,Understanding U.S. Society
PHIL 225,Understanding the Individual and Society
PHIL 240,Exploring World Cultures,Understanding the Individual and Society
PHYS 112,Analyzing the Natural World
PHYS 116,Analyzing the Natural World
PHYS 118,Analyzing the Natural World
PHYS 131,Analyzing the Natural World
PHYS 132,Analyzing the Natural World
PHYS 141,Analyzing the Natural World
PHYS 142,Analyzing the Natural World
POL 115,Exploring World Cultures
POL 120,Exploring World Cultures,Understanding the Creative Arts
POL 130,Exploring World Cultures,Understanding the Creative Arts
POL 140,Exploring World Cultures,Understanding the Creative Arts
POL 150,Exploring World Cultures,Understanding the Creative Arts
POL 220,Exploring World Cultures,Understanding the Creative Arts
POLS 101,Understanding U.S. Society
POLS 120,Understanding the Individual and Society,Understanding the Past
POLS 130,Understanding the Individual and Society
POLS 184,Exploring World Cultures,Understanding the Individual and Society
POLS 190,Understanding the Individual and Society
POLS 231,Exploring World Cultures
POLS 232,Exploring World Cultures
POLS 243,Exploring World Cultures
PPOL 100,Understanding the Individual and Society
PPOL 210,Understanding U.S. Society
PPOL 212,Understanding U.S. Society
PPOL 220,Understanding U.S. Society
PPOL 230,Understanding the Individual and Society,Understanding U.S. Society
PPOL 231,Understanding U.S. Society
PPOL 232,Exploring World Cultures,Understanding the Individual and Society
PPOL 240,Understanding U.S. Society
PSCH 100,Understanding the Individual and Society
PSCH 210,Understanding the Individual and Society
PSCH 231,Understanding the Individual and Society
PSCH 270,Understanding the Individual and Society
PSCH 271,Understanding the Individual and Society
PUBH 100,Understanding the Individual and Society,Understanding U.S. Society
PUBH 110,Exploring World Cultures,Understanding the Individual and Society
PUBH 120,Analyzing the Natural World
RELS 100,Understanding the Individual and Society
RELS 101,Exploring World Cultures
RELS 120,Understanding the Past
RELS 130,Exploring World Cultures
RELS 230,Exploring World Cultures
RELS 232,Understanding the Past
RELS 250,Exploring World Cultures
RELS 256,Understanding the Past,Understanding U.S. Society
RUSS 115,Exploring World Cultures
RUSS 116,Exploring World Cultures
RUSS 120,Exploring World Cultures,Understanding the Creative Arts
RUSS 130,Exploring World Cultures,Understanding the Creative Arts
RUSS 140,Exploring World Cultures,Understanding the Creative Arts
RUSS 150,Exploring World Cultures,Understanding the Creative Arts
RUSS 241,Understanding the Creative Arts
RUSS 242,Understanding the Creative Arts
RUSS 244,Exploring World Cultures,Understanding the Creative Arts
RUSS 247,Understanding the Creative Arts
RUSS 248,Understanding the Creative Arts
SJ 101,Understanding the Individual and Society
SJ 201,Understanding U.S. Society
SOC 100,Understanding U.S. Society
SOC 105,Understanding U.S. Society
SOC 215,Understanding the Individual and Society,Understanding U.S. Society
SOC 224,Understanding the Individual and Society,Understanding U.S. Society
SOC 225,Understanding U.S. Society
SOC 228,Understanding U.S. Society
SOC 229,Understanding U.S. Society
SOC 241,Understanding U.S. Society
SOC 244,Understanding U.S. Society
SOC 245,Understanding U.S. Society
SOC 246,Understanding U.S. Society
SOC 251,Understanding U.S. Society
SOC 265,Understanding the Individual and Society
SOC 268,Exploring World Cultures,Understanding the Individual and Society
SOC 276,Understanding U.S. Society
SPAN 192,Exploring World Cultures,Understanding the Individual and Society
SPAN 210,Understanding the Creative Arts
SPAN 224,Understanding U.S. Society
SPAN 225,Exploring World Cultures
SPAN 226,Exploring World Cultures,Understanding the Creative Arts
SPED 201,Understanding the Creative Arts
THTR 101,Understanding the Creative Arts,Understanding the Past
THTR 102,Understanding the Creative Arts
THTR 103,Understanding the Creative Arts,Understanding the Past
THTR 105,Understanding the Creative Arts,Understanding U.S. Society
THTR 159,Understanding the Creative Arts,Understanding the Past
THTR 201,Understanding the Creative Arts
THTR 245,Understanding the Creative Arts
US 100,Exploring World Cultures,Understanding the Individual and Society
US 101,Understanding U.S. Society
US 130,Understanding U.S. Society
US 140,Understanding the Individual and Society
US 202,Understanding U.S. Society
US 205,Understanding the Individual and Society
US 208,Understanding the Individual and Society
US 220,Exploring World Cultures,Understanding the Individual and Society
US 230,Understanding U.S. Society
